index,walk_10min,walk_15min,car_10min,car_15min,car_20min,car_30min,transit_10min,transit_15min,transit_20min,transit_30min
29,,,7.3,7.3,7.3,7.3,,,,
125,,,6.0,6.0,6.0,6.0,,,,
126,,,5.8,5.8,5.8,5.8,,,,
145,,,6.4,6.4,6.4,6.4,,,,
162,,,5.5,5.5,5.5,5.5,,,,
163,,,5.0,5.0,5.0,5.0,,,,
164,,,5.0,5.0,5.0,5.0,,,,
165,,,5.3,5.3,5.3,5.3,,,,
177,,,4.6,4.6,4.6,4.6,,,,27.9
197,,,5.1,5.1,5.1,5.1,,,,
200,,,5.2,5.2,5.2,5.2,,,,
201,,,5.3,5.3,5.3,5.3,,,,
202,,,5.3,5.3,5.3,5.3,,,,
203,,,4.5,4.5,4.5,4.5,,,,
204,,,5.2,5.2,5.2,5.2,,,,
205,,,7.6,7.6,7.6,7.6,,,,
218,,,5.7,5.7,5.7,5.7,,,,
222,,,6.8,6.8,6.8,6.8,,,,
235,,,4.9,4.9,4.9,4.9,,,,29.4
236,,,,14.1,14.1,14.1,,,,29.0
239,,,5.9,5.9,5.9,5.9,,,,
240,,,4.6,4.6,4.6,4.6,,,,
241,,,3.7,3.7,3.7,3.7,,,,27.2
242,,,4.7,4.7,4.7,4.7,,,,
243,,,4.5,4.5,4.5,4.5,,,,
256,,,5.3,5.3,5.3,5.3,,,,
257,,,5.3,5.3,5.3,5.3,,,,
272,,,4.5,4.5,4.5,4.5,,,,28.8
273,,,4.5,4.5,4.5,4.5,,,,26.8
274,,,4.5,4.5,4.5,4.5,,,,27.2
275,,,,,15.1,15.1,,,,24.0
279,,,4.9,4.9,4.9,4.9,,,,
280,,,5.1,5.1,5.1,5.1,,,,
281,,,4.9,4.9,4.9,4.9,,,,
300,,,6.4,6.4,6.4,6.4,,,,
302,,,7.1,7.1,7.1,7.1,,,,
310,,,4.0,4.0,4.0,4.0,,,,27.0
311,,,4.0,4.0,4.0,4.0,,,,24.5
312,,,3.8,3.8,3.8,3.8,,,,23.9
313,,,3.9,3.9,3.9,3.9,,,,21.7
314,,,3.8,3.8,3.8,3.8,,,,20.7
318,,,3.1,3.1,3.1,3.1,,,19.0,19.0
319,,,2.6,2.6,2.6,2.6,,,15.1,15.1
320,,13.1,2.1,2.1,2.1,2.1,,13.1,13.1,13.1
321,,12.7,2.3,2.3,2.3,2.3,,12.7,12.7,12.7
322,,11.5,2.0,2.0,2.0,2.0,,11.5,11.5,11.5
323,6.6,6.6,1.2,1.2,1.2,1.2,6.6,6.6,6.6,6.6
324,5.2,5.2,1.0,1.0,1.0,1.0,5.2,5.2,5.2,5.2
325,7.0,7.0,1.2,1.2,1.2,1.2,7.0,7.0,7.0,7.0
326,,13.3,3.0,3.0,3.0,3.0,,13.3,13.3,13.3
331,,,5.0,5.0,5.0,5.0,,,,
335,,,4.2,4.2,4.2,4.2,,,,
336,,,4.8,4.8,4.8,4.8,,,,
337,,,5.4,5.4,5.4,5.4,,,,
338,,,5.5,5.5,5.5,5.5,,,,
339,,,5.8,5.8,5.8,5.8,,,,
340,,,5.8,5.8,5.8,5.8,,,,
347,,,3.7,3.7,3.7,3.7,,,,24.4
348,,,3.6,3.6,3.6,3.6,,,,23.5
349,,,3.8,3.8,3.8,3.8,,,,23.0
350,,,3.5,3.5,3.5,3.5,,,,21.5
351,,,3.6,3.6,3.6,3.6,,,19.1,19.1
352,,,3.2,3.2,3.2,3.2,,,16.9,16.9
353,,,,,17.4,17.4,,,18.9,18.9
355,,,2.8,2.8,2.8,2.8,,,16.8,16.8
356,,,2.9,2.9,2.9,2.9,,,17.8,17.8
357,,,2.5,2.5,2.5,2.5,,,15.3,15.3
358,,11.9,2.0,2.0,2.0,2.0,,11.9,11.9,11.9
359,,10.3,2.3,2.3,2.3,2.3,,10.3,10.3,10.3
360,5.6,5.6,1.1,1.1,1.1,1.1,5.6,5.6,5.6,5.6
361,4.0,4.0,1.5,1.5,1.5,1.5,4.0,4.0,4.0,4.0
362,2.1,2.1,0.5,0.5,0.5,0.5,2.1,2.1,2.1,2.1
363,7.8,7.8,1.8,1.8,1.8,1.8,7.8,7.8,7.8,7.8
364,8.3,8.3,1.4,1.4,1.4,1.4,8.3,8.3,8.3,8.3
365,,12.0,2.5,2.5,2.5,2.5,,12.0,12.0,12.0
366,,,2.9,2.9,2.9,2.9,,,15.4,15.4
373,,,4.7,4.7,4.7,4.7,,,,
374,,,5.2,5.2,5.2,5.2,,,,
375,,,4.9,4.9,4.9,4.9,,,,
376,,,5.0,5.0,5.0,5.0,,,,
377,,,5.3,5.3,5.3,5.3,,,,
378,,,5.9,5.9,5.9,5.9,,,,
385,,,3.6,3.6,3.6,3.6,,,,23.4
386,,,3.5,3.5,3.5,3.5,,,,21.2
387,,,3.2,3.2,3.2,3.2,,,19.8,19.8
388,,,2.9,2.9,2.9,2.9,,,18.5,18.5
389,,,2.8,2.8,2.8,2.8,,,15.4,15.4
390,,14.3,2.7,2.7,2.7,2.7,,14.3,14.3,14.3
391,,,3.1,3.1,3.1,3.1,,,16.5,16.5
393,,13.9,2.1,2.1,2.1,2.1,,13.9,13.9,13.9
394,,,3.0,3.0,3.0,3.0,,,17.6,17.6
395,,,2.8,2.8,2.8,2.8,,,16.8,16.8
396,,11.9,2.5,2.5,2.5,2.5,,11.9,11.9,11.9
397,9.9,9.9,2.4,2.4,2.4,2.4,9.9,9.9,9.9,9.9
398,5.5,5.5,1.5,1.5,1.5,1.5,5.5,5.5,5.5,5.5
399,3.3,3.3,0.8,0.8,0.8,0.8,3.3,3.3,3.3,3.3
400,2.5,2.5,0.7,0.7,0.7,0.7,2.5,2.5,2.5,2.5
401,4.1,4.1,1.1,1.1,1.1,1.1,4.1,4.1,4.1,4.1
402,,11.7,1.9,1.9,1.9,1.9,,11.7,11.7,11.7
403,,,2.8,2.8,2.8,2.8,,,15.3,15.3
404,,,3.0,3.0,3.0,3.0,,,15.2,15.2
411,,,5.0,5.0,5.0,5.0,,,,
412,,,4.9,4.9,4.9,4.9,,,,
413,,,4.9,4.9,4.9,4.9,,,,
414,,,5.4,5.4,5.4,5.4,,,,
415,,,5.5,5.5,5.5,5.5,,,,
416,,,5.8,5.8,5.8,5.8,,,,
417,,,6.1,6.1,6.1,6.1,,,,
424,,,3.7,3.7,3.7,3.7,,,19.4,19.4
425,,,3.3,3.3,3.3,3.3,,,16.7,16.7
426,,,3.0,3.0,3.0,3.0,,,15.7,15.7
427,,13.7,2.0,2.0,2.0,2.0,,13.7,13.7,13.7
428,,14.1,2.1,2.1,2.1,2.1,,14.1,14.1,14.1
429,,11.5,2.2,2.2,2.2,2.2,,11.5,11.5,11.5
431,,11.4,1.8,1.8,1.8,1.8,,11.4,11.4,11.4
432,,,3.4,3.4,3.4,3.4,,,16.3,16.3
433,,,2.8,2.8,2.8,2.8,,,16.1,16.1
434,,13.2,2.3,2.3,2.3,2.3,,13.2,13.2,13.2
435,,12.1,2.5,2.5,2.5,2.5,,12.1,12.1,12.1
436,8.0,8.0,1.3,1.3,1.3,1.3,8.0,8.0,8.0,8.0
437,5.4,5.4,1.0,1.0,1.0,1.0,5.4,5.4,5.4,5.4
438,4.3,4.3,0.8,0.8,0.8,0.8,4.3,4.3,4.3,4.3
439,7.1,7.1,1.2,1.2,1.2,1.2,7.1,7.1,7.1,7.1
449,,,4.3,4.3,4.3,4.3,,,,
450,,,5.0,5.0,5.0,5.0,,,,
451,,,5.1,5.1,5.1,5.1,,,,
452,,,5.3,5.3,5.3,5.3,,,,
462,,,3.7,3.7,3.7,3.7,,,,21.4
463,,,3.1,3.1,3.1,3.1,,,19.9,19.9
464,,,3.1,3.1,3.1,3.1,,,15.1,15.1
465,,12.0,3.3,3.3,3.3,3.3,,12.0,12.0,12.0
466,,10.2,2.2,2.2,2.2,2.2,,10.2,10.2,10.2
467,8.7,8.7,1.8,1.8,1.8,1.8,8.7,8.7,8.7,8.7
468,7.6,7.6,1.6,1.6,1.6,1.6,7.6,7.6,7.6,7.6
469,8.9,8.9,1.5,1.5,1.5,1.5,8.9,8.9,8.9,8.9
470,,11.2,1.9,1.9,1.9,1.9,,11.2,11.2,11.2
471,9.8,9.8,2.0,2.0,2.0,2.0,9.8,9.8,9.8,9.8
472,9.7,9.7,2.2,2.2,2.2,2.2,9.7,9.7,9.7,9.7
473,9.1,9.1,2.3,2.3,2.3,2.3,9.1,9.1,9.1,9.1
474,,11.7,2.5,2.5,2.5,2.5,,11.7,11.7,11.7
475,,12.5,2.1,2.1,2.1,2.1,,12.5,12.5,12.5
480,,,3.1,3.1,3.1,3.1,,,,24.5
488,,,5.2,5.2,5.2,5.2,,,,
489,,,5.6,5.6,5.6,5.6,,,,
500,,,3.1,3.1,3.1,3.1,,,,20.9
501,,,3.3,3.3,3.3,3.3,,,19.4,19.4
502,,14.9,2.9,2.9,2.9,2.9,,14.9,14.9,14.9
503,,11.7,1.7,1.7,1.7,1.7,,11.7,11.7,11.7
504,8.5,8.5,2.2,2.2,2.2,2.2,8.5,8.5,8.5,8.5
505,6.8,6.8,1.2,1.2,1.2,1.2,6.8,6.8,6.8,6.8
506,3.8,3.8,0.9,0.9,0.9,0.9,3.8,3.8,3.8,3.8
507,7.2,7.2,1.7,1.7,1.7,1.7,7.2,7.2,7.2,7.2
508,9.0,9.0,2.1,2.1,2.1,2.1,9.0,9.0,9.0,9.0
509,6.6,6.6,1.9,1.9,1.9,1.9,6.6,6.6,6.6,6.6
510,5.8,5.8,1.6,1.6,1.6,1.6,5.8,5.8,5.8,5.8
511,6.2,6.2,2.0,2.0,2.0,2.0,6.2,6.2,6.2,6.2
512,7.1,7.1,2.0,2.0,2.0,2.0,7.1,7.1,7.1,7.1
513,,10.7,2.9,2.9,2.9,2.9,,10.7,10.7,10.7
514,,14.1,2.6,2.6,2.6,2.6,,14.1,14.1,14.1
515,,14.8,2.9,2.9,2.9,2.9,,14.8,14.8,14.8
538,,,2.6,2.6,2.6,2.6,,,18.6,18.6
539,,,2.7,2.7,2.7,2.7,,,17.1,17.1
540,,14.4,2.6,2.6,2.6,2.6,,14.4,14.4,14.4
541,,11.6,2.2,2.2,2.2,2.2,,11.6,11.6,11.6
542,8.5,8.5,1.8,1.8,1.8,1.8,8.5,8.5,8.5,8.5
543,5.7,5.7,1.2,1.2,1.2,1.2,5.7,5.7,5.7,5.7
544,0.5,0.5,0.1,0.1,0.1,0.1,0.5,0.5,0.5,0.5
545,6.7,6.7,2.0,2.0,2.0,2.0,6.7,6.7,6.7,6.7
546,7.0,7.0,1.6,1.6,1.6,1.6,7.0,7.0,7.0,7.0
547,4.7,4.7,1.2,1.2,1.2,1.2,4.7,4.7,4.7,4.7
548,2.5,2.5,0.8,0.8,0.8,0.8,2.5,2.5,2.5,2.5
549,3.8,3.8,0.9,0.9,0.9,0.9,3.8,3.8,3.8,3.8
550,7.2,7.2,2.0,2.0,2.0,2.0,7.2,7.2,7.2,7.2
551,,11.2,2.8,2.8,2.8,2.8,,11.2,11.2,11.2
552,,14.1,2.2,2.2,2.2,2.2,,14.1,14.1,14.1
553,,,2.9,2.9,2.9,2.9,,,17.1,17.1
576,9.6,9.6,1.9,1.9,1.9,1.9,9.6,9.6,9.6,9.6
577,,,2.5,2.5,2.5,2.5,,,16.7,16.7
578,,11.4,1.7,1.7,1.7,1.7,,11.4,11.4,11.4
579,,11.8,2.0,2.0,2.0,2.0,,11.8,11.8,11.8
580,8.4,8.4,1.4,1.4,1.4,1.4,8.4,8.4,8.4,8.4
581,8.0,8.0,1.9,1.9,1.9,1.9,8.0,8.0,8.0,8.0
582,7.1,7.1,1.8,1.8,1.8,1.8,7.1,7.1,7.1,7.1
583,6.7,6.7,1.8,1.8,1.8,1.8,6.7,6.7,6.7,6.7
584,6.0,6.0,1.5,1.5,1.5,1.5,6.0,6.0,6.0,6.0
585,4.7,4.7,1.1,1.1,1.1,1.1,4.7,4.7,4.7,4.7
586,1.4,1.4,0.4,0.4,0.4,0.4,1.4,1.4,1.4,1.4
587,3.8,3.8,0.7,0.7,0.7,0.7,3.8,3.8,3.8,3.8
588,9.9,9.9,1.6,1.6,1.6,1.6,9.9,9.9,9.9,9.9
589,,11.2,3.2,3.2,3.2,3.2,,11.2,11.2,11.2
590,,14.2,2.6,2.6,2.6,2.6,,14.2,14.2,14.2
591,,14.5,3.2,3.2,3.2,3.2,,14.5,14.5,14.5
613,,10.2,1.7,1.7,1.7,1.7,,10.2,10.2,10.2
614,7.3,7.3,2.2,2.2,2.2,2.2,7.3,7.3,7.3,7.3
615,6.2,6.2,1.4,1.4,1.4,1.4,6.2,6.2,6.2,6.2
616,6.0,6.0,1.1,1.1,1.1,1.1,6.0,6.0,6.0,6.0
620,6.8,6.8,1.5,1.5,1.5,1.5,6.8,6.8,6.8,6.8
621,6.4,6.4,2.3,2.3,2.3,2.3,6.4,6.4,6.4,6.4
622,8.5,8.5,1.5,1.5,1.5,1.5,8.5,8.5,8.5,8.5
623,5.3,5.3,1.0,1.0,1.0,1.0,5.3,5.3,5.3,5.3
624,5.0,5.0,1.0,1.0,1.0,1.0,5.0,5.0,5.0,5.0
625,5.6,5.6,2.4,2.4,2.4,2.4,5.6,5.6,5.6,5.6
626,8.1,8.1,1.8,1.8,1.8,1.8,8.1,8.1,8.1,8.1
627,,11.9,2.4,2.4,2.4,2.4,,11.9,11.9,11.9
628,,13.2,3.2,3.2,3.2,3.2,,13.2,13.2,13.2
629,,11.9,3.3,3.3,3.3,3.3,,11.9,11.9,11.9
630,5.8,5.8,3.2,3.2,3.2,3.2,5.8,5.8,5.8,5.8
633,2.3,2.3,1.1,1.1,1.1,1.1,2.3,2.3,2.3,2.3
634,,10.6,1.6,1.6,1.6,1.6,,10.6,10.6,10.6
640,,,4.7,4.7,4.7,4.7,,,,
650,,,2.4,2.4,2.4,2.4,,,17.5,17.5
651,7.3,7.3,1.4,1.4,1.4,1.4,7.3,7.3,7.3,7.3
652,4.7,4.7,1.1,1.1,1.1,1.1,4.7,4.7,4.7,4.7
653,2.6,2.6,0.7,0.7,0.7,0.7,2.6,2.6,2.6,2.6
654,3.9,3.9,0.9,0.9,0.9,0.9,3.9,3.9,3.9,3.9
655,,10.7,2.2,2.2,2.2,2.2,,10.7,10.7,10.7
656,,10.4,1.9,1.9,1.9,1.9,,10.4,10.4,10.4
657,,10.7,2.2,2.2,2.2,2.2,,10.7,10.7,10.7
658,4.2,4.2,1.1,1.1,1.1,1.1,4.2,4.2,4.2,4.2
659,2.3,2.3,2.0,2.0,2.0,2.0,2.3,2.3,2.3,2.3
660,4.9,4.9,1.4,1.4,1.4,1.4,4.9,4.9,4.9,4.9
661,6.7,6.7,2.2,2.2,2.2,2.2,6.7,6.7,6.7,6.7
662,8.2,8.2,1.6,1.6,1.6,1.6,8.2,8.2,8.2,8.2
663,8.8,8.8,2.0,2.0,2.0,2.0,8.8,8.8,8.8,8.8
664,,10.7,2.1,2.1,2.1,2.1,,10.7,10.7,10.7
665,,11.5,2.8,2.8,2.8,2.8,,11.5,11.5,11.5
666,,13.8,2.8,2.8,2.8,2.8,,13.8,13.8,13.8
667,,10.3,2.4,2.4,2.4,2.4,,10.3,10.3,10.3
668,6.9,6.9,2.3,2.3,2.3,2.3,6.9,6.9,6.9,6.9
669,4.3,4.3,2.5,2.5,2.5,2.5,4.3,4.3,4.3,4.3
670,2.6,2.6,0.6,0.6,0.6,0.6,2.6,2.6,2.6,2.6
671,1.4,1.4,0.5,0.5,0.5,0.5,1.4,1.4,1.4,1.4
674,,14.6,2.3,2.3,2.3,2.3,,14.6,14.6,14.6
676,,,3.5,3.5,3.5,3.5,,,,20.1
688,,11.2,2.0,2.0,2.0,2.0,,11.2,11.2,11.2
689,9.0,9.0,1.5,1.5,1.5,1.5,9.0,9.0,9.0,9.0
690,4.9,4.9,1.8,1.8,1.8,1.8,4.9,4.9,4.9,4.9
691,1.6,1.6,0.7,0.7,0.7,0.7,1.6,1.6,1.6,1.6
692,2.8,2.8,0.8,0.8,0.8,0.8,2.8,2.8,2.8,2.8
693,9.8,9.8,1.6,1.6,1.6,1.6,9.8,9.8,9.8,9.8
694,9.2,9.2,1.3,1.3,1.3,1.3,9.2,9.2,9.2,9.2
695,6.1,6.1,1.2,1.2,1.2,1.2,6.1,6.1,6.1,6.1
696,2.9,2.9,0.5,0.5,0.5,0.5,2.9,2.9,2.9,2.9
697,2.4,2.4,0.8,0.8,0.8,0.8,2.4,2.4,2.4,2.4
698,5.2,5.2,1.8,1.8,1.8,1.8,5.2,5.2,5.2,5.2
699,7.3,7.3,1.8,1.8,1.8,1.8,7.3,7.3,7.3,7.3
700,,13.1,2.0,2.0,2.0,2.0,,13.1,13.1,13.1
701,,10.2,1.4,1.4,1.4,1.4,,10.2,10.2,10.2
702,7.5,7.5,0.8,0.8,0.8,0.8,7.5,7.5,7.5,7.5
703,6.9,6.9,1.2,1.2,1.2,1.2,6.9,6.9,6.9,6.9
704,8.3,8.3,1.5,1.5,1.5,1.5,8.3,8.3,8.3,8.3
705,7.8,7.8,2.5,2.5,2.5,2.5,7.8,7.8,7.8,7.8
706,8.6,8.6,2.4,2.4,2.4,2.4,8.6,8.6,8.6,8.6
707,6.5,6.5,1.8,1.8,1.8,1.8,6.5,6.5,6.5,6.5
708,4.3,4.3,0.8,0.8,0.8,0.8,4.3,4.3,4.3,4.3
709,2.4,2.4,0.6,0.6,0.6,0.6,2.4,2.4,2.4,2.4
710,3.7,3.7,1.3,1.3,1.3,1.3,3.7,3.7,3.7,3.7
725,,,2.7,2.7,2.7,2.7,,,,23.2
726,,11.8,2.1,2.1,2.1,2.1,,11.8,11.8,11.8
727,9.3,9.3,1.8,1.8,1.8,1.8,9.3,9.3,9.3,9.3
728,8.4,8.4,2.0,2.0,2.0,2.0,8.4,8.4,8.4,8.4
729,5.1,5.1,1.6,1.6,1.6,1.6,5.1,5.1,5.1,5.1
730,5.5,5.5,1.7,1.7,1.7,1.7,5.5,5.5,5.5,5.5
731,8.0,8.0,2.3,2.3,2.3,2.3,8.0,8.0,8.0,8.0
732,,10.4,2.6,2.6,2.6,2.6,,10.4,10.4,10.4
733,7.0,7.0,1.4,1.4,1.4,1.4,7.0,7.0,7.0,7.0
734,5.7,5.7,1.8,1.8,1.8,1.8,5.7,5.7,5.7,5.7
735,5.8,5.8,2.6,2.6,2.6,2.6,5.8,5.8,5.8,5.8
736,8.6,8.6,1.9,1.9,1.9,1.9,8.6,8.6,8.6,8.6
737,6.3,6.3,1.8,1.8,1.8,1.8,6.3,6.3,6.3,6.3
738,5.8,5.8,1.2,1.2,1.2,1.2,5.8,5.8,5.8,5.8
739,7.7,7.7,1.8,1.8,1.8,1.8,7.7,7.7,7.7,7.7
740,6.8,6.8,2.9,2.9,2.9,2.9,6.8,6.8,6.8,6.8
741,8.4,8.4,1.8,1.8,1.8,1.8,8.4,8.4,8.4,8.4
742,3.1,3.1,1.1,1.1,1.1,1.1,3.1,3.1,3.1,3.1
743,4.0,4.0,2.0,2.0,2.0,2.0,4.0,4.0,4.0,4.0
744,7.2,7.2,2.7,2.7,2.7,2.7,7.2,7.2,7.2,7.2
745,7.8,7.8,1.9,1.9,1.9,1.9,7.8,7.8,7.8,7.8
746,4.0,4.0,1.4,1.4,1.4,1.4,4.0,4.0,4.0,4.0
747,1.1,1.1,0.3,0.3,0.3,0.3,1.1,1.1,1.1,1.1
748,5.0,5.0,1.1,1.1,1.1,1.1,5.0,5.0,5.0,5.0
749,8.4,8.4,1.4,1.4,1.4,1.4,8.4,8.4,8.4,8.4
750,9.9,9.9,2.4,2.4,2.4,2.4,9.9,9.9,9.9,9.9
763,,,3.3,3.3,3.3,3.3,,,,25.4
764,,13.4,2.6,2.6,2.6,2.6,,13.4,13.4,13.4
765,,14.3,2.3,2.3,2.3,2.3,,14.3,14.3,14.3
766,,11.6,2.3,2.3,2.3,2.3,,11.6,11.6,11.6
767,8.9,8.9,1.6,1.6,1.6,1.6,8.9,8.9,8.9,8.9
768,7.2,7.2,1.1,1.1,1.1,1.1,7.2,7.2,7.2,7.2
769,9.9,9.9,1.7,1.7,1.7,1.7,9.9,9.9,9.9,9.9
770,,12.5,2.4,2.4,2.4,2.4,,12.5,12.5,12.5
771,,12.8,2.4,2.4,2.4,2.4,,12.8,12.8,12.8
772,9.9,9.9,1.9,1.9,1.9,1.9,9.9,9.9,9.9,9.9
773,9.8,9.8,1.9,1.9,1.9,1.9,9.8,9.8,9.8,9.8
774,6.3,6.3,1.5,1.5,1.5,1.5,6.3,6.3,6.3,6.3
775,2.3,2.3,0.4,0.4,0.4,0.4,2.3,2.3,2.3,2.3
776,3.5,3.5,1.7,1.7,1.7,1.7,3.5,3.5,3.5,3.5
777,4.9,4.9,2.2,2.2,2.2,2.2,4.9,4.9,4.9,4.9
778,8.3,8.3,2.3,2.3,2.3,2.3,8.3,8.3,8.3,8.3
779,6.0,6.0,2.4,2.4,2.4,2.4,6.0,6.0,6.0,6.0
780,3.5,3.5,1.6,1.6,1.6,1.6,3.5,3.5,3.5,3.5
781,4.8,4.8,2.0,2.0,2.0,2.0,4.8,4.8,4.8,4.8
782,8.0,8.0,2.6,2.6,2.6,2.6,8.0,8.0,8.0,8.0
783,9.2,9.2,2.1,2.1,2.1,2.1,9.2,9.2,9.2,9.2
785,5.0,5.0,1.1,1.1,1.1,1.1,5.0,5.0,5.0,5.0
786,7.3,7.3,1.7,1.7,1.7,1.7,7.3,7.3,7.3,7.3
787,9.7,9.7,2.2,2.2,2.2,2.2,9.7,9.7,9.7,9.7
788,,12.1,2.3,2.3,2.3,2.3,,12.1,12.1,12.1
801,,,3.1,3.1,3.1,3.1,,,,24.8
802,,,3.9,3.9,3.9,3.9,,,,26.0
803,,,2.4,2.4,2.4,2.4,,,15.6,15.6
804,,13.5,2.2,2.2,2.2,2.2,,13.5,13.5,13.5
805,,11.7,2.5,2.5,2.5,2.5,,11.7,11.7,11.7
806,,10.3,2.3,2.3,2.3,2.3,,10.3,10.3,10.3
807,,13.1,2.4,2.4,2.4,2.4,,13.1,13.1,13.1
808,,,3.1,3.1,3.1,3.1,,,16.3,16.3
809,,13.4,2.7,2.7,2.7,2.7,,13.4,13.4,13.4
810,,13.3,2.4,2.4,2.4,2.4,,13.3,13.3,13.3
811,9.6,9.6,2.0,2.0,2.0,2.0,9.6,9.6,9.6,9.6
812,6.2,6.2,2.2,2.2,2.2,2.2,6.2,6.2,6.2,6.2
813,3.5,3.5,1.2,1.2,1.2,1.2,3.5,3.5,3.5,3.5
814,3.2,3.2,0.8,0.8,0.8,0.8,3.2,3.2,3.2,3.2
815,6.0,6.0,1.6,1.6,1.6,1.6,6.0,6.0,6.0,6.0
816,9.0,9.0,2.2,2.2,2.2,2.2,9.0,9.0,9.0,9.0
817,5.9,5.9,1.5,1.5,1.5,1.5,5.9,5.9,5.9,5.9
818,4.5,4.5,1.9,1.9,1.9,1.9,4.5,4.5,4.5,4.5
819,6.6,6.6,0.8,0.8,0.8,0.8,6.6,6.6,6.6,6.6
820,9.8,9.8,1.3,1.3,1.3,1.3,9.8,9.8,9.8,9.8
821,,12.3,2.2,2.2,2.2,2.2,,12.3,12.3,12.3
823,8.0,8.0,1.7,1.7,1.7,1.7,8.0,8.0,8.0,8.0
824,9.4,9.4,1.6,1.6,1.6,1.6,9.4,9.4,9.4,9.4
825,,12.2,2.1,2.1,2.1,2.1,,12.2,12.2,12.2
826,,10.4,2.0,2.0,2.0,2.0,,10.4,10.4,10.4
827,,13.2,1.8,1.8,1.8,1.8,,13.2,13.2,13.2
839,,,3.2,3.2,3.2,3.2,,,,22.3
841,,,2.5,2.5,2.5,2.5,,,16.6,16.6
842,,14.1,2.4,2.4,2.4,2.4,,14.1,14.1,14.1
843,,10.4,1.8,1.8,1.8,1.8,,10.4,10.4,10.4
844,8.6,8.6,1.6,1.6,1.6,1.6,8.6,8.6,8.6,8.6
845,8.5,8.5,1.8,1.8,1.8,1.8,8.5,8.5,8.5,8.5
846,,11.3,2.4,2.4,2.4,2.4,,11.3,11.3,11.3
847,,11.8,2.9,2.9,2.9,2.9,,11.8,11.8,11.8
848,,13.3,3.0,3.0,3.0,3.0,,13.3,13.3,13.3
849,,10.6,1.9,1.9,1.9,1.9,,10.6,10.6,10.6
850,7.7,7.7,2.2,2.2,2.2,2.2,7.7,7.7,7.7,7.7
851,6.0,6.0,1.1,1.1,1.1,1.1,6.0,6.0,6.0,6.0
852,,10.2,1.4,1.4,1.4,1.4,,10.2,10.2,10.2
853,,13.9,2.2,2.2,2.2,2.2,,13.9,13.9,13.9
854,5.9,5.9,2.4,2.4,2.4,2.4,5.9,5.9,5.9,5.9
855,2.2,2.2,1.3,1.3,1.3,1.3,2.2,2.2,2.2,2.2
856,1.4,1.4,0.4,0.4,0.4,0.4,1.4,1.4,1.4,1.4
857,4.9,4.9,1.5,1.5,1.5,1.5,4.9,4.9,4.9,4.9
858,7.7,7.7,2.1,2.1,2.1,2.1,7.7,7.7,7.7,7.7
859,,12.2,2.2,2.2,2.2,2.2,,12.2,12.2,12.2
861,,11.3,2.2,2.2,2.2,2.2,,11.3,11.3,11.3
862,,10.9,2.0,2.0,2.0,2.0,,10.9,10.9,10.9
863,,10.5,1.8,1.8,1.8,1.8,,10.5,10.5,10.5
864,7.8,7.8,1.3,1.3,1.3,1.3,7.8,7.8,7.8,7.8
865,7.5,7.5,1.6,1.6,1.6,1.6,7.5,7.5,7.5,7.5
866,9.4,9.4,1.6,1.6,1.6,1.6,9.4,9.4,9.4,9.4
876,,,3.8,3.8,3.8,3.8,,,,25.2
877,,,2.8,2.8,2.8,2.8,,,,21.2
879,,13.9,3.6,3.6,3.6,3.6,,13.9,13.9,13.9
880,,11.8,2.5,2.5,2.5,2.5,,11.8,11.8,11.8
881,8.8,8.8,2.8,2.8,2.8,2.8,8.8,8.8,8.8,8.8
882,6.1,6.1,2.1,2.1,2.1,2.1,6.1,6.1,6.1,6.1
883,5.1,5.1,1.5,1.5,1.5,1.5,5.1,5.1,5.1,5.1
884,7.8,7.8,1.8,1.8,1.8,1.8,7.8,7.8,7.8,7.8
885,9.7,9.7,2.4,2.4,2.4,2.4,9.7,9.7,9.7,9.7
886,,11.3,2.9,2.9,2.9,2.9,,11.3,11.3,11.3
887,,11.8,2.8,2.8,2.8,2.8,,11.8,11.8,11.8
888,9.2,9.2,1.4,1.4,1.4,1.4,9.2,9.2,9.2,9.2
889,7.7,7.7,1.7,1.7,1.7,1.7,7.7,7.7,7.7,7.7
890,,11.0,1.8,1.8,1.8,1.8,,11.0,11.0,11.0
892,9.5,9.5,2.0,2.0,2.0,2.0,9.5,9.5,9.5,9.5
893,4.8,4.8,1.1,1.1,1.1,1.1,4.8,4.8,4.8,4.8
894,4.0,4.0,1.0,1.0,1.0,1.0,4.0,4.0,4.0,4.0
895,4.9,4.9,1.1,1.1,1.1,1.1,4.9,4.9,4.9,4.9
896,7.5,7.5,2.4,2.4,2.4,2.4,7.5,7.5,7.5,7.5
897,10.0,10.0,2.6,2.6,2.6,2.6,10.0,10.0,10.0,10.0
898,,13.3,2.0,2.0,2.0,2.0,,13.3,13.3,13.3
899,,10.6,1.7,1.7,1.7,1.7,,10.6,10.6,10.6
900,8.2,8.2,1.4,1.4,1.4,1.4,8.2,8.2,8.2,8.2
901,6.1,6.1,0.7,0.7,0.7,0.7,6.1,6.1,6.1,6.1
902,4.8,4.8,0.7,0.7,0.7,0.7,4.8,4.8,4.8,4.8
903,3.9,3.9,0.8,0.8,0.8,0.8,3.9,3.9,3.9,3.9
904,6.1,6.1,2.5,2.5,2.5,2.5,6.1,6.1,6.1,6.1
906,,12.3,2.2,2.2,2.2,2.2,,12.3,12.3,12.3
914,,,3.7,3.7,3.7,3.7,,,,24.8
915,,,3.5,3.5,3.5,3.5,,,,21.7
916,,,3.1,3.1,3.1,3.1,,,17.1,17.1
917,,14.0,3.1,3.1,3.1,3.1,,14.0,14.0,14.0
918,,12.8,3.2,3.2,3.2,3.2,,12.8,12.8,12.8
919,8.3,8.3,2.7,2.7,2.7,2.7,8.3,8.3,8.3,8.3
920,5.2,5.2,2.4,2.4,2.4,2.4,5.2,5.2,5.2,5.2
921,1.4,1.4,0.3,0.3,0.3,0.3,1.4,1.4,1.4,1.4
922,5.6,5.6,0.3,0.3,0.3,0.3,5.6,5.6,5.6,5.6
923,8.8,8.8,2.6,2.6,2.6,2.6,8.8,8.8,8.8,8.8
924,9.2,9.2,2.5,2.5,2.5,2.5,9.2,9.2,9.2,9.2
925,8.8,8.8,1.7,1.7,1.7,1.7,8.8,8.8,8.8,8.8
926,6.2,6.2,2.3,2.3,2.3,2.3,6.2,6.2,6.2,6.2
927,4.9,4.9,1.6,1.6,1.6,1.6,4.9,4.9,4.9,4.9
928,7.5,7.5,2.0,2.0,2.0,2.0,7.5,7.5,7.5,7.5
929,9.7,9.7,2.1,2.1,2.1,2.1,9.7,9.7,9.7,9.7
930,8.7,8.7,2.1,2.1,2.1,2.1,8.7,8.7,8.7,8.7
931,7.0,7.0,1.7,1.7,1.7,1.7,7.0,7.0,7.0,7.0
932,7.0,7.0,1.5,1.5,1.5,1.5,7.0,7.0,7.0,7.0
933,8.0,8.0,1.8,1.8,1.8,1.8,8.0,8.0,8.0,8.0
934,9.9,9.9,2.9,2.9,2.9,2.9,9.9,9.9,9.9,9.9
937,,,2.7,2.7,2.7,2.7,,,15.6,15.6
938,9.5,9.5,1.8,1.8,1.8,1.8,9.5,9.5,9.5,9.5
939,5.1,5.1,1.0,1.0,1.0,1.0,5.1,5.1,5.1,5.1
940,1.3,1.3,0.7,0.7,0.7,0.7,1.3,1.3,1.3,1.3
941,1.9,1.9,0.5,0.5,0.5,0.5,1.9,1.9,1.9,1.9
942,8.4,8.4,2.0,2.0,2.0,2.0,8.4,8.4,8.4,8.4
944,,12.3,2.5,2.5,2.5,2.5,,12.3,12.3,12.3
951,,,3.8,3.8,3.8,3.8,,,,29.1
952,,,3.7,3.7,3.7,3.7,,,,25.8
953,,,3.6,3.6,3.6,3.6,,,,24.5
954,,,3.1,3.1,3.1,3.1,,,18.2,18.2
955,,,3.4,3.4,3.4,3.4,,,16.5,16.5
956,,12.1,3.3,3.3,3.3,3.3,,12.1,12.1,12.1
957,,10.2,3.2,3.2,3.2,3.2,,10.2,10.2,10.2
958,6.4,6.4,2.3,2.3,2.3,2.3,6.4,6.4,6.4,6.4
959,6.2,6.2,1.5,1.5,1.5,1.5,6.2,6.2,6.2,6.2
960,5.2,5.2,2.6,2.6,2.6,2.6,5.2,5.2,5.2,5.2
961,8.9,8.9,2.6,2.6,2.6,2.6,8.9,8.9,8.9,8.9
962,6.6,6.6,2.7,2.7,2.7,2.7,6.6,6.6,6.6,6.6
963,3.8,3.8,2.1,2.1,2.1,2.1,3.8,3.8,3.8,3.8
964,1.0,1.0,2.4,2.4,2.4,2.4,1.0,1.0,1.0,1.0
965,3.5,3.5,0.7,0.7,0.7,0.7,3.5,3.5,3.5,3.5
966,5.7,5.7,1.2,1.2,1.2,1.2,5.7,5.7,5.7,5.7
967,8.7,8.7,2.2,2.2,2.2,2.2,8.7,8.7,8.7,8.7
968,,11.0,2.0,2.0,2.0,2.0,,11.0,11.0,11.0
969,9.7,9.7,1.4,1.4,1.4,1.4,9.7,9.7,9.7,9.7
970,9.7,9.7,1.8,1.8,1.8,1.8,9.7,9.7,9.7,9.7
971,9.8,9.8,1.4,1.4,1.4,1.4,9.8,9.8,9.8,9.8
972,,11.7,2.0,2.0,2.0,2.0,,11.7,11.7,11.7
977,,11.4,2.0,2.0,2.0,2.0,,11.4,11.4,11.4
978,4.3,4.3,0.6,0.6,0.6,0.6,4.3,4.3,4.3,4.3
979,5.2,5.2,0.8,0.8,0.8,0.8,5.2,5.2,5.2,5.2
990,,,4.0,4.0,4.0,4.0,,,,25.1
991,,,3.2,3.2,3.2,3.2,,,19.2,19.2
992,,,3.9,3.9,3.9,3.9,,,17.5,17.5
993,,,2.9,2.9,2.9,2.9,,,15.4,15.4
994,,12.7,3.6,3.6,3.6,3.6,,12.7,12.7,12.7
995,,12.5,3.1,3.1,3.1,3.1,,12.5,12.5,12.5
996,9.1,9.1,2.3,2.3,2.3,2.3,9.1,9.1,9.1,9.1
997,9.9,9.9,2.0,2.0,2.0,2.0,9.9,9.9,9.9,9.9
998,7.6,7.6,1.4,1.4,1.4,1.4,7.6,7.6,7.6,7.6
999,8.2,8.2,3.0,3.0,3.0,3.0,8.2,8.2,8.2,8.2
1000,6.6,6.6,0.9,0.9,0.9,0.9,6.6,6.6,6.6,6.6
1001,9.0,9.0,1.9,1.9,1.9,1.9,9.0,9.0,9.0,9.0
1002,2.8,2.8,1.0,1.0,1.0,1.0,2.8,2.8,2.8,2.8
1003,4.0,4.0,1.5,1.5,1.5,1.5,4.0,4.0,4.0,4.0
1004,7.3,7.3,1.2,1.2,1.2,1.2,7.3,7.3,7.3,7.3
1005,,10.1,1.8,1.8,1.8,1.8,,10.1,10.1,10.1
1006,,11.2,1.7,1.7,1.7,1.7,,11.2,11.2,11.2
1007,8.9,8.9,1.0,1.0,1.0,1.0,8.9,8.9,8.9,8.9
1008,5.9,5.9,0.7,0.7,0.7,0.7,5.9,5.9,5.9,5.9
1009,6.9,6.9,1.8,1.8,1.8,1.8,6.9,6.9,6.9,6.9
1010,8.5,8.5,2.0,2.0,2.0,2.0,8.5,8.5,8.5,8.5
1011,,11.9,2.9,2.9,2.9,2.9,,11.9,11.9,11.9
1015,9.6,9.6,1.4,1.4,1.4,1.4,9.6,9.6,9.6,9.6
1016,7.6,7.6,1.2,1.2,1.2,1.2,7.6,7.6,7.6,7.6
1029,,,3.8,3.8,3.8,3.8,,,17.8,17.8
1030,,14.6,2.8,2.8,2.8,2.8,,14.6,14.6,14.6
1031,,13.0,2.6,2.6,2.6,2.6,,13.0,13.0,13.0
1033,9.9,9.9,2.9,2.9,2.9,2.9,9.9,9.9,9.9,9.9
1034,,12.5,2.6,2.6,2.6,2.6,,12.5,12.5,12.5
1035,,10.8,2.4,2.4,2.4,2.4,,10.8,10.8,10.8
1036,,11.1,2.2,2.2,2.2,2.2,,11.1,11.1,11.1
1037,,11.4,1.9,1.9,1.9,1.9,,11.4,11.4,11.4
1038,,10.6,2.6,2.6,2.6,2.6,,10.6,10.6,10.6
1039,7.7,7.7,1.7,1.7,1.7,1.7,7.7,7.7,7.7,7.7
1040,6.4,6.4,1.6,1.6,1.6,1.6,6.4,6.4,6.4,6.4
1041,6.8,6.8,1.3,1.3,1.3,1.3,6.8,6.8,6.8,6.8
1042,8.8,8.8,1.6,1.6,1.6,1.6,8.8,8.8,8.8,8.8
1043,,10.6,2.0,2.0,2.0,2.0,,10.6,10.6,10.6
1044,8.8,8.8,1.7,1.7,1.7,1.7,8.8,8.8,8.8,8.8
1045,6.1,6.1,0.8,0.8,0.8,0.8,6.1,6.1,6.1,6.1
1046,3.7,3.7,0.8,0.8,0.8,0.8,3.7,3.7,3.7,3.7
1047,4.0,4.0,1.1,1.1,1.1,1.1,4.0,4.0,4.0,4.0
1048,6.6,6.6,1.5,1.5,1.5,1.5,6.6,6.6,6.6,6.6
1049,8.8,8.8,1.9,1.9,1.9,1.9,8.8,8.8,8.8,8.8
1051,,11.4,2.7,2.7,2.7,2.7,,11.4,11.4,11.4
1055,,,5.1,5.1,5.1,5.1,,,,
1066,,,3.3,3.3,3.3,3.3,,,19.6,19.6
1067,,,2.8,2.8,2.8,2.8,,,16.6,16.6
1068,,13.2,2.3,2.3,2.3,2.3,,13.2,13.2,13.2
1069,,10.8,2.0,2.0,2.0,2.0,,10.8,10.8,10.8
1070,7.3,7.3,1.4,1.4,1.4,1.4,7.3,7.3,7.3,7.3
1071,6.3,6.3,1.4,1.4,1.4,1.4,6.3,6.3,6.3,6.3
1072,7.8,7.8,2.4,2.4,2.4,2.4,7.8,7.8,7.8,7.8
1073,8.7,8.7,2.4,2.4,2.4,2.4,8.7,8.7,8.7,8.7
1074,10.0,10.0,2.5,2.5,2.5,2.5,10.0,10.0,10.0,10.0
1075,,,2.5,2.5,2.5,2.5,,,16.6,16.6
1076,,14.7,2.2,2.2,2.2,2.2,,14.7,14.7,14.7
1077,,11.2,2.7,2.7,2.7,2.7,,11.2,11.2,11.2
1078,8.5,8.5,2.3,2.3,2.3,2.3,8.5,8.5,8.5,8.5
1079,,10.1,2.4,2.4,2.4,2.4,,10.1,10.1,10.1
1080,,11.2,2.5,2.5,2.5,2.5,,11.2,11.2,11.2
1081,10.0,10.0,2.9,2.9,2.9,2.9,10.0,10.0,10.0,10.0
1082,7.1,7.1,2.0,2.0,2.0,2.0,7.1,7.1,7.1,7.1
1083,4.2,4.2,2.2,2.2,2.2,2.2,4.2,4.2,4.2,4.2
1084,1.9,1.9,0.4,0.4,0.4,0.4,1.9,1.9,1.9,1.9
1085,2.3,2.3,0.4,0.4,0.4,0.4,2.3,2.3,2.3,2.3
1086,6.0,6.0,1.4,1.4,1.4,1.4,6.0,6.0,6.0,6.0
1087,6.0,6.0,2.0,2.0,2.0,2.0,6.0,6.0,6.0,6.0
1088,9.9,9.9,2.3,2.3,2.3,2.3,9.9,9.9,9.9,9.9
1089,8.4,8.4,2.5,2.5,2.5,2.5,8.4,8.4,8.4,8.4
1092,,13.9,2.6,2.6,2.6,2.6,,13.9,13.9,13.9
1093,,14.7,2.6,2.6,2.6,2.6,,14.7,14.7,14.7
1094,,,2.5,2.5,2.5,2.5,,,15.8,15.8
1102,,,3.9,3.9,3.9,3.9,,,,24.2
1103,,,3.6,3.6,3.6,3.6,,,,21.9
1104,,,3.1,3.1,3.1,3.1,,,19.2,19.2
1105,,,2.9,2.9,2.9,2.9,,,16.5,16.5
1106,,13.7,2.5,2.5,2.5,2.5,,13.7,13.7,13.7
1107,,10.2,1.8,1.8,1.8,1.8,,10.2,10.2,10.2
1108,7.6,7.6,1.4,1.4,1.4,1.4,7.6,7.6,7.6,7.6
1109,3.3,3.3,1.1,1.1,1.1,1.1,3.3,3.3,3.3,3.3
1110,1.8,1.8,0.5,0.5,0.5,0.5,1.8,1.8,1.8,1.8
1111,5.6,5.6,2.4,2.4,2.4,2.4,5.6,5.6,5.6,5.6
1112,10.0,10.0,3.0,3.0,3.0,3.0,10.0,10.0,10.0,10.0
1113,,14.9,3.1,3.1,3.1,3.1,,14.9,14.9,14.9
1114,,,2.8,2.8,2.8,2.8,,,15.9,15.9
1115,,13.8,2.7,2.7,2.7,2.7,,13.8,13.8,13.8
1116,,11.9,2.3,2.3,2.3,2.3,,11.9,11.9,11.9
1117,,13.5,2.4,2.4,2.4,2.4,,13.5,13.5,13.5
1118,,14.3,2.9,2.9,2.9,2.9,,14.3,14.3,14.3
1119,,11.6,2.8,2.8,2.8,2.8,,11.6,11.6,11.6
1121,6.2,6.2,2.1,2.1,2.1,2.1,6.2,6.2,6.2,6.2
1122,3.3,3.3,0.4,0.4,0.4,0.4,3.3,3.3,3.3,3.3
1123,4.5,4.5,0.8,0.8,0.8,0.8,4.5,4.5,4.5,4.5
1124,6.1,6.1,1.2,1.2,1.2,1.2,6.1,6.1,6.1,6.1
1125,3.8,3.8,1.3,1.3,1.3,1.3,3.8,3.8,3.8,3.8
1126,3.0,3.0,0.5,0.5,0.5,0.5,3.0,3.0,3.0,3.0
1127,4.6,4.6,1.2,1.2,1.2,1.2,4.6,4.6,4.6,4.6
1130,,10.3,1.4,1.4,1.4,1.4,,10.3,10.3,10.3
1131,,11.3,1.6,1.6,1.6,1.6,,11.3,11.3,11.3
1132,,,2.9,2.9,2.9,2.9,,,16.7,16.7
1133,,,2.7,2.7,2.7,2.7,,,17.5,17.5
1140,,,4.6,4.6,4.6,4.6,,,,25.9
1141,,,3.8,3.8,3.8,3.8,,,,22.9
1142,,,3.7,3.7,3.7,3.7,,,19.7,19.7
1143,,,2.6,2.6,2.6,2.6,,,16.1,16.1
1144,,12.9,2.4,2.4,2.4,2.4,,12.9,12.9,12.9
1145,,11.3,1.9,1.9,1.9,1.9,,11.3,11.3,11.3
1146,6.6,6.6,2.2,2.2,2.2,2.2,6.6,6.6,6.6,6.6
1147,5.5,5.5,1.7,1.7,1.7,1.7,5.5,5.5,5.5,5.5
1148,3.6,3.6,0.7,0.7,0.7,0.7,3.6,3.6,3.6,3.6
1149,8.3,8.3,1.8,1.8,1.8,1.8,8.3,8.3,8.3,8.3
1150,8.0,8.0,3.1,3.1,3.1,3.1,8.0,8.0,8.0,8.0
1151,,14.0,3.2,3.2,3.2,3.2,,14.0,14.0,14.0
1152,,15.0,3.1,3.1,3.1,3.1,,15.0,15.0,15.0
1153,,,2.9,2.9,2.9,2.9,,,15.1,15.1
1154,,,3.1,3.1,3.1,3.1,,,15.3,15.3
1155,,,2.9,2.9,2.9,2.9,,,16.2,16.2
1156,,,2.9,2.9,2.9,2.9,,,15.2,15.2
1157,,11.9,2.0,2.0,2.0,2.0,,11.9,11.9,11.9
1158,,10.7,2.6,2.6,2.6,2.6,,10.7,10.7,10.7
1159,,10.2,2.4,2.4,2.4,2.4,,10.2,10.2,10.2
1160,8.3,8.3,1.4,1.4,1.4,1.4,8.3,8.3,8.3,8.3
1161,7.9,7.9,1.5,1.5,1.5,1.5,7.9,7.9,7.9,7.9
1162,9.1,9.1,1.9,1.9,1.9,1.9,9.1,9.1,9.1,9.1
1163,6.3,6.3,1.5,1.5,1.5,1.5,6.3,6.3,6.3,6.3
1164,1.5,1.5,0.4,0.4,0.4,0.4,1.5,1.5,1.5,1.5
1165,5.0,5.0,0.8,0.8,0.8,0.8,5.0,5.0,5.0,5.0
1166,4.3,4.3,1.2,1.2,1.2,1.2,4.3,4.3,4.3,4.3
1167,6.2,6.2,1.0,1.0,1.0,1.0,6.2,6.2,6.2,6.2
1168,6.9,6.9,1.9,1.9,1.9,1.9,6.9,6.9,6.9,6.9
1169,,11.3,1.6,1.6,1.6,1.6,,11.3,11.3,11.3
1170,,14.1,1.9,1.9,1.9,1.9,,14.1,14.1,14.1
1171,,,3.0,3.0,3.0,3.0,,,15.3,15.3
1172,,14.5,2.5,2.5,2.5,2.5,,14.5,14.5,14.5
1178,,,5.0,5.0,5.0,5.0,,,,26.7
1179,,,4.4,4.4,4.4,4.4,,,,22.6
1180,,,3.6,3.6,3.6,3.6,,,19.1,19.1
1181,,,2.7,2.7,2.7,2.7,,,15.9,15.9
1182,,13.1,2.4,2.4,2.4,2.4,,13.1,13.1,13.1
1183,,11.5,2.1,2.1,2.1,2.1,,11.5,11.5,11.5
1184,9.9,9.9,2.2,2.2,2.2,2.2,9.9,9.9,9.9,9.9
1185,8.3,8.3,1.5,1.5,1.5,1.5,8.3,8.3,8.3,8.3
1186,7.0,7.0,1.3,1.3,1.3,1.3,7.0,7.0,7.0,7.0
1187,7.9,7.9,1.4,1.4,1.4,1.4,7.9,7.9,7.9,7.9
1188,,10.8,1.9,1.9,1.9,1.9,,10.8,10.8,10.8
1189,,12.3,2.3,2.3,2.3,2.3,,12.3,12.3,12.3
1190,,14.0,3.9,3.9,3.9,3.9,,14.0,14.0,14.0
1191,,,3.8,3.8,3.8,3.8,,,17.4,17.4
1192,,,3.2,3.2,3.2,3.2,,,18.5,18.5
1193,,,3.9,3.9,3.9,3.9,,,,20.2
1194,,,3.8,3.8,3.8,3.8,,,16.2,16.2
1195,,,4.0,4.0,4.0,4.0,,,15.3,15.3
1196,,,3.6,3.6,3.6,3.6,,,16.4,16.4
1197,,13.6,2.5,2.5,2.5,2.5,,13.6,13.6,13.6
1198,,13.0,2.7,2.7,2.7,2.7,,13.0,13.0,13.0
1199,,10.2,1.5,1.5,1.5,1.5,,10.2,10.2,10.2
1200,9.3,9.3,1.7,1.7,1.7,1.7,9.3,9.3,9.3,9.3
1201,6.5,6.5,1.6,1.6,1.6,1.6,6.5,6.5,6.5,6.5
1202,5.3,5.3,1.2,1.2,1.2,1.2,5.3,5.3,5.3,5.3
1204,2.4,2.4,0.8,0.8,0.8,0.8,2.4,2.4,2.4,2.4
1205,2.1,2.1,0.2,0.2,0.2,0.2,2.1,2.1,2.1,2.1
1206,5.1,5.1,1.6,1.6,1.6,1.6,5.1,5.1,5.1,5.1
1207,,13.5,2.0,2.0,2.0,2.0,,13.5,13.5,13.5
1208,,11.8,2.3,2.3,2.3,2.3,,11.8,11.8,11.8
1209,,13.3,2.8,2.8,2.8,2.8,,13.3,13.3,13.3
1210,,12.4,2.2,2.2,2.2,2.2,,12.4,12.4,12.4
1216,,,5.0,5.0,5.0,5.0,,,,25.7
1217,,,3.5,3.5,3.5,3.5,,,,21.6
1218,,,3.5,3.5,3.5,3.5,,,,20.8
1219,,,3.9,3.9,3.9,3.9,,,17.2,17.2
1220,,,3.6,3.6,3.6,3.6,,,17.8,17.8
1221,,13.8,4.0,4.0,4.0,4.0,,13.8,13.8,13.8
1222,,13.6,2.4,2.4,2.4,2.4,,13.6,13.6,13.6
1223,,10.5,1.6,1.6,1.6,1.6,,10.5,10.5,10.5
1224,,11.4,2.3,2.3,2.3,2.3,,11.4,11.4,11.4
1225,,11.5,2.2,2.2,2.2,2.2,,11.5,11.5,11.5
1226,,12.6,2.2,2.2,2.2,2.2,,12.6,12.6,12.6
1227,,,3.8,3.8,3.8,3.8,,,15.2,15.2
1229,,,2.7,2.7,2.7,2.7,,,17.5,17.5
1230,,,2.7,2.7,2.7,2.7,,,19.4,19.4
1231,,,3.4,3.4,3.4,3.4,,,19.6,19.6
1232,,,3.7,3.7,3.7,3.7,,,18.6,18.6
1233,,,3.5,3.5,3.5,3.5,,,18.8,18.8
1234,,,3.1,3.1,3.1,3.1,,,17.2,17.2
1235,,,3.0,3.0,3.0,3.0,,,16.3,16.3
1236,,14.5,2.2,2.2,2.2,2.2,,14.5,14.5,14.5
1237,,13.5,2.3,2.3,2.3,2.3,,13.5,13.5,13.5
1238,,11.3,2.5,2.5,2.5,2.5,,11.3,11.3,11.3
1239,8.8,8.8,1.6,1.6,1.6,1.6,8.8,8.8,8.8,8.8
1240,9.5,9.5,3.9,3.9,3.9,3.9,9.5,9.5,9.5,9.5
1241,5.6,5.6,1.0,1.0,1.0,1.0,5.6,5.6,5.6,5.6
1242,1.9,1.9,0.4,0.4,0.4,0.4,1.9,1.9,1.9,1.9
1243,2.3,2.3,0.8,0.8,0.8,0.8,2.3,2.3,2.3,2.3
1244,5.4,5.4,1.6,1.6,1.6,1.6,5.4,5.4,5.4,5.4
1245,9.8,9.8,2.3,2.3,2.3,2.3,9.8,9.8,9.8,9.8
1246,,11.0,2.2,2.2,2.2,2.2,,11.0,11.0,11.0
1247,9.1,9.1,2.5,2.5,2.5,2.5,9.1,9.1,9.1,9.1
1252,,,3.3,3.3,3.3,3.3,,,17.4,17.4
1254,,,4.3,4.3,4.3,4.3,,,,26.8
1255,,,5.6,5.6,5.6,5.6,,,,23.9
1256,,,3.7,3.7,3.7,3.7,,,,21.4
1257,,,3.5,3.5,3.5,3.5,,,,20.8
1258,,,3.4,3.4,3.4,3.4,,,19.4,19.4
1259,,,3.5,3.5,3.5,3.5,,,17.3,17.3
1260,,14.2,1.9,1.9,1.9,1.9,,14.2,14.2,14.2
1261,,14.0,2.0,2.0,2.0,2.0,,14.0,14.0,14.0
1262,,,2.9,2.9,2.9,2.9,,,17.8,17.8
1263,,,4.1,4.1,4.1,4.1,,,,20.3
1275,,,3.3,3.3,3.3,3.3,,,16.3,16.3
1276,,13.1,2.6,2.6,2.6,2.6,,13.1,13.1,13.1
1277,,11.1,2.0,2.0,2.0,2.0,,11.1,11.1,11.1
1278,10.0,10.0,2.2,2.2,2.2,2.2,10.0,10.0,10.0,10.0
1279,6.5,6.5,1.7,1.7,1.7,1.7,6.5,6.5,6.5,6.5
1280,5.9,5.9,1.1,1.1,1.1,1.1,5.9,5.9,5.9,5.9
1281,5.7,5.7,0.9,0.9,0.9,0.9,5.7,5.7,5.7,5.7
1282,6.7,6.7,1.7,1.7,1.7,1.7,6.7,6.7,6.7,6.7
1283,9.4,9.4,1.8,1.8,1.8,1.8,9.4,9.4,9.4,9.4
1284,,11.6,2.4,2.4,2.4,2.4,,11.6,11.6,11.6
1285,7.9,7.9,2.0,2.0,2.0,2.0,7.9,7.9,7.9,7.9
1286,8.1,8.1,1.8,1.8,1.8,1.8,8.1,8.1,8.1,8.1
1287,,10.8,2.1,2.1,2.1,2.1,,10.8,10.8,10.8
1288,,12.4,2.3,2.3,2.3,2.3,,12.4,12.4,12.4
1289,,13.0,2.5,2.5,2.5,2.5,,13.0,13.0,13.0
1290,,,3.9,3.9,3.9,3.9,,,15.6,15.6
1291,,,6.7,6.7,6.7,6.7,,,,22.4
1293,,,4.2,4.2,4.2,4.2,,,,25.5
1294,,,4.5,4.5,4.5,4.5,,,,24.7
1295,,,3.8,3.8,3.8,3.8,,,,22.6
1296,,,3.6,3.6,3.6,3.6,,,,21.3
1297,,,2.2,2.2,2.2,2.2,,,17.8,17.8
1316,,11.1,3.3,3.3,3.3,3.3,,11.1,11.1,11.1
1317,9.1,9.1,1.7,1.7,1.7,1.7,9.1,9.1,9.1,9.1
1318,8.7,8.7,1.4,1.4,1.4,1.4,8.7,8.7,8.7,8.7
1319,8.3,8.3,1.4,1.4,1.4,1.4,8.3,8.3,8.3,8.3
1320,8.8,8.8,1.9,1.9,1.9,1.9,8.8,8.8,8.8,8.8
1321,5.8,5.8,1.8,1.8,1.8,1.8,5.8,5.8,5.8,5.8
1322,2.6,2.6,0.7,0.7,0.7,0.7,2.6,2.6,2.6,2.6
1323,1.6,1.6,0.7,0.7,0.7,0.7,1.6,1.6,1.6,1.6
1324,4.9,4.9,1.4,1.4,1.4,1.4,4.9,4.9,4.9,4.9
1325,7.5,7.5,1.6,1.6,1.6,1.6,7.5,7.5,7.5,7.5
1326,,10.1,1.9,1.9,1.9,1.9,,10.1,10.1,10.1
1327,,13.2,2.3,2.3,2.3,2.3,,13.2,13.2,13.2
1328,,,3.4,3.4,3.4,3.4,,,19.3,19.3
1331,,,3.7,3.7,3.7,3.7,,,,28.4
1332,,,4.2,4.2,4.2,4.2,,,,26.3
1333,,,2.9,2.9,2.9,2.9,,,,23.5
1334,,,4.1,4.1,4.1,4.1,,,,21.6
1353,9.8,9.8,1.8,1.8,1.8,1.8,9.8,9.8,9.8,9.8
1354,9.7,9.7,1.4,1.4,1.4,1.4,9.7,9.7,9.7,9.7
1355,,11.9,4.3,4.3,4.3,4.3,,11.9,11.9,11.9
1356,,11.5,2.5,2.5,2.5,2.5,,11.5,11.5,11.5
1357,,,1.8,1.8,1.8,1.8,,,15.3,15.3
1358,9.7,9.7,1.6,1.6,1.6,1.6,9.7,9.7,9.7,9.7
1359,7.1,7.1,1.3,1.3,1.3,1.3,7.1,7.1,7.1,7.1
1362,5.3,5.3,0.9,0.9,0.9,0.9,5.3,5.3,5.3,5.3
1363,9.9,9.9,2.7,2.7,2.7,2.7,9.9,9.9,9.9,9.9
1364,,12.2,2.2,2.2,2.2,2.2,,12.2,12.2,12.2
1365,,,2.5,2.5,2.5,2.5,,,15.6,15.6
1366,,,2.4,2.4,2.4,2.4,,,16.9,16.9
1391,7.1,7.1,1.6,1.6,1.6,1.6,7.1,7.1,7.1,7.1
1392,6.7,6.7,1.4,1.4,1.4,1.4,6.7,6.7,6.7,6.7
1393,8.9,8.9,1.8,1.8,1.8,1.8,8.9,8.9,8.9,8.9
1402,,11.6,1.6,1.6,1.6,1.6,,11.6,11.6,11.6
1403,,14.5,2.4,2.4,2.4,2.4,,14.5,14.5,14.5
1429,4.3,4.3,1.2,1.2,1.2,1.2,4.3,4.3,4.3,4.3
1430,4.0,4.0,1.4,1.4,1.4,1.4,4.0,4.0,4.0,4.0
1431,7.4,7.4,1.1,1.1,1.1,1.1,7.4,7.4,7.4,7.4
1432,9.4,9.4,1.6,1.6,1.6,1.6,9.4,9.4,9.4,9.4
1433,,11.7,1.4,1.4,1.4,1.4,,11.7,11.7,11.7
1467,1.7,1.7,0.8,0.8,0.8,0.8,1.7,1.7,1.7,1.7
1468,5.2,5.2,0.9,0.9,0.9,0.9,5.2,5.2,5.2,5.2
1469,5.2,5.2,0.9,0.9,0.9,0.9,5.2,5.2,5.2,5.2
1470,8.7,8.7,1.1,1.1,1.1,1.1,8.7,8.7,8.7,8.7
1471,,12.4,1.7,1.7,1.7,1.7,,12.4,12.4,12.4
1505,3.6,3.6,0.6,0.6,0.6,0.6,3.6,3.6,3.6,3.6
1506,4.1,4.1,0.8,0.8,0.8,0.8,4.1,4.1,4.1,4.1
1507,6.0,6.0,0.8,0.8,0.8,0.8,6.0,6.0,6.0,6.0
1508,,10.7,1.5,1.5,1.5,1.5,,10.7,10.7,10.7
1509,,12.7,1.6,1.6,1.6,1.6,,12.7,12.7,12.7
1510,,14.8,2.5,2.5,2.5,2.5,,14.8,14.8,14.8
1511,,,3.1,3.1,3.1,3.1,,,,22.7
1543,6.2,6.2,0.8,0.8,0.8,0.8,6.2,6.2,6.2,6.2
1544,6.7,6.7,0.9,0.9,0.9,0.9,6.7,6.7,6.7,6.7
1545,7.6,7.6,1.2,1.2,1.2,1.2,7.6,7.6,7.6,7.6
1546,,12.7,1.9,1.9,1.9,1.9,,12.7,12.7,12.7
1547,,14.5,2.2,2.2,2.2,2.2,,14.5,14.5,14.5
1548,,,2.6,2.6,2.6,2.6,,,18.5,18.5
1549,,,2.8,2.8,2.8,2.8,,,,20.9
1581,8.2,8.2,0.9,0.9,0.9,0.9,8.2,8.2,8.2,8.2
1582,,10.2,1.5,1.5,1.5,1.5,,10.2,10.2,10.2
1583,,11.0,1.8,1.8,1.8,1.8,,11.0,11.0,11.0
1584,,11.8,1.8,1.8,1.8,1.8,,11.8,11.8,11.8
1585,,,2.5,2.5,2.5,2.5,,,15.7,15.7
1586,,,2.6,2.6,2.6,2.6,,,18.8,18.8
1623,,,2.0,2.0,2.0,2.0,,,18.7,18.7
